sequence,Delta_Entropy,EEL,EGB,ESURF,HB Energy,Hydrophobic Energy,Pi-Pi Energy,VDWAALS,bind_avg
ATCTCCTGGGGCGACCACGAGGTCACCCGTCCAGGT,-1.6790064389223947,-0.44420135547195005,0.47426583064451866,-0.9664827473345989,-1.232527401178542,-1.3298536013117128,1.6337689582948824,-1.2194749727404162,1.5242432771451735
CTTTCTGGTTCTTTGCATGCGTTTGTCACTTTTTCT,-1.5757926092025036,-0.2662776646353951,0.487410785229487,-1.3217490156484395,-1.0432786016921478,-0.8286331766028624,-1.0111801775415055,-1.4625303406004244,0.1674885686991283
GAGAATGGGGTGAACCCGGGAGGCGGAGCTTGCAGT,1.150147225455224,1.2542738845490107,-1.3647922541620277,0.961112046159419,-1.3525703040657775,1.010671421015589,1.015607895001931,0.9431446631442493,-0.7912452206847798
GCAGCCGAGGCGGAGAGAGAGAGAGGACAGCTTACG,0.32535039990206865,1.211738372468897,-1.2977632820877743,0.5803454257969469,0.8119943718494306,0.5903664615843466,-0.10081942283994398,0.5846612092434935,-0.7033185118234613
TTAGAACCTCAACCTCCTCTGCAAAATGGAGCTGAC,-1.1350530556148044,0.246039636475234,-0.1514408718059695,-0.6016538470025216,-1.1675808390302906,-0.3091618636947321,0.7847258028434441,-0.5501841870234189,-0.1572564546314501
GAGAATGGGGTGAACCCGGGAGGCGGAGCTTGCAGT,1.448002867275565,-0.2077138291256955,0.09762684470343543,1.1051310798885972,-1.406575331666576,1.1672888967058184,0.9813017921536545,1.1691019455824085,-0.7912452206847798
CTTTCTGGTTCTTTGCATGCGTTTGTCACTTTTTCT,-0.9029252639319824,-0.5423554598784289,0.8153825502789092,-0.809713537581102,-1.018935316362061,-0.6184397388612831,-0.43963066422885844,-1.0732447178310978,0.1674885686991283
GAGAATGGGGTGAACCCGGGAGGCGGAGCTTGCAGT,1.2993557028568308,-0.11774440051310471,0.006092657032108865,0.9350321406551436,-1.4643291961669025,0.9262950903675976,1.1288598007285569,1.0248248427531128,-0.7912452206847798
GGAAGCTGTGAAATCCGCGTGCACACCCATCCCAAA,-0.27531504695590864,-0.030379186925803294,0.08599201544937453,-0.45010061834987974,0.8057638802093047,-0.4021121341465405,-0.2230476989445974,-0.5471423928004319,0.4455496317835843
GGAAGCTGTGAAATCCGCGTGCACACCCATCCCAAA,-0.8082966319102081,-0.0865558253290222,0.11303698728476493,-0.746542210915176,0.7944939542792342,-0.5865851111920664,0.043433136476268695,-0.6713436537580136,0.4455496317835843
CAGGGCTGGGTCCACCTCATGGCCTTTGTTCTGGAA,-0.7799923265838793,-1.484926286242516,1.448228027020989,-0.2582684245295175,0.8389877315713472,-0.4210697345673255,0.40297234769772,-0.09413918578115704,0.1663389230465437
ATCTCCTGGGGCGACCACGAGGTCACCCGTCCAGGT,-0.9977207949289283,-0.5080046235921412,0.44636283305291524,-0.3544742981675266,-1.3568717598460691,-0.9383573559055413,2.360132731157714,-0.6473935266128009,1.5242432771451735
TTAGAACCTCAACCTCCTCTGCAAAATGGAGCTGAC,-1.1367553760028177,0.5970506188155776,-0.5050504464507257,-0.7343715883465193,-1.133555670339907,-0.5248199464005499,1.7820034696207867,-0.5014514416825003,-0.1572564546314501
ATCTCCTGGGGCGACCACGAGGTCACCCGTCCAGGT,-1.1175582848718817,0.22055553229894503,-0.29812895508576265,-0.2350862863034946,-1.1945376255116702,-0.9168314640836819,1.9291416355864313,-0.7926952338119464,1.5242432771451735
ATCTCCTGGGGCGACCACGAGGTCACCCGTCCAGGT,-1.2250238783997947,-1.4564349337632332,1.4256104680876305,-0.4900898067897707,-1.3989875409737178,-1.215323212951011,2.6391703411681413,-0.6146382056642072,1.5242432771451735
CAGGGCTGGGTCCACCTCATGGCCTTTGTTCTGGAA,0.25190495425612747,-0.551501215026813,0.4743344727050249,0.662352239771517,0.825911724081076,0.299930275903863,0.07163128087376582,0.5370811438186591,0.1663389230465437
GGAAGCTGTGAAATCCGCGTGCACACCCATCCCAAA,-0.6981222444565272,-0.04795763834669323,0.07665669522192792,-0.7552355127499396,0.7713143047260769,-0.5938464593563703,-0.14829648829464984,-0.6603291567821388,0.4455496317835843
CTTTCTGGTTCTTTGCATGCGTTTGTCACTTTTTCT,-1.1916710340464247,-0.453998164376698,0.6675618730009468,-1.1067346836020482,-1.05637484960193,-0.7082966873657426,-0.682553580587095,-1.3084874773710098,0.1674885686991283
TTAGAACCTCAACCTCCTCTGCAAAATGGAGCTGAC,-1.1135760620140849,1.5566418505237218,-1.4847099338483865,-0.4640099012854923,-1.230268448285323,-0.4369699503606676,1.1170937250098412,-0.7144090561782046,-0.1572564546314501
GAGAATGGGGTGAACCCGGGAGGCGGAGCTTGCAGT,2.036947352307995,0.863703635871759,-1.0243962761627918,1.4111353044721424,-1.485956917509783,1.3927311750331066,1.0784883534592276,1.486697281348894,-0.7912452206847798
CTTTCTGGTTCTTTGCATGCGTTTGTCACTTTTTCT,-1.167772377064366,-1.237587863957466,1.427395161660517,-1.160053601521911,-1.1119038435651334,-0.8480956540992158,-0.36952878876174455,-0.9011432025831013,0.1674885686991283
ATCTCCTGGGGCGACCACGAGGTCACCCGTCCAGGT,-0.6086328374471112,-0.7080641421438425,0.6599426042859035,-0.09889122422559454,-1.2341653113743387,-1.0132387900330717,2.0329592853732876,-0.4590264169934672,1.5242432771451735
CTTTCTGGTTCTTTGCATGCGTTTGTCACTTTTTCT,-1.6550603540376507,0.3757233442238196,-0.19399894931344872,-1.5613943695599768,-1.024375580881868,-1.1714959597568448,-0.8468795859769374,-1.482798295791487,0.1674885686991283
GCAGCCGAGGCGGAGAGAGAGAGAGGACAGCTTACG,-0.014845528929620962,-0.8491567919081188,0.8595880372383082,0.18248197849279552,0.8196777290143142,0.29578292878141504,0.511171001087875,0.4118552784912327,-0.7033185118234613
GCAGCCGAGGCGGAGAGAGAGAGAGGACAGCTTACG,-0.09984285657707707,0.27071767409603087,-0.30320846756246594,0.47399736668505715,0.8411811261431646,0.531092500609205,0.28999310575241627,0.4437140706162081,-0.7033185118234613
GCAGCCGAGGCGGAGAGAGAGAGAGGACAGCTTACG,0.45076778703409437,0.4660027984346878,-0.5271188689001493,0.575129444696098,0.8400622292370422,0.6998712935786653,0.32964148974944485,0.5505931139460323,-0.7033185118234613
TTAGAACCTCAACCTCCTCTGCAAAATGGAGCTGAC,-0.5308845900823569,0.8791739132244915,-0.8166167590416616,-0.14438617049417005,-1.2738897467699075,-0.23704491744465117,0.692160215949611,-0.30533576151618197,-0.1572564546314501
CTTTCTGGTTCTTTGCATGCGTTTGTCACTTTTTCT,-1.1727349900318533,-0.25629484037173056,0.45370753352597964,-1.0392167060187496,-0.9598428662931251,-0.8141590282193246,-1.4587574393642813,-1.1704220385339172,0.1674885686991283
CAGGGCTGGGTCCACCTCATGGCCTTTGTTCTGGAA,0.013525324732073874,-0.5771713345620394,0.4827774461459824,0.2607216950056277,0.8307974875773566,0.057311582376672096,0.5185236668246449,0.08468629564397423,0.1663389230465437
GAGAATGGGGTGAACCCGGGAGGCGGAGCTTGCAGT,1.595041532234042,0.4881696287096639,-0.5515897634669463,1.4774941751441382,-1.302360976217609,1.2309166766227073,1.2604066804890843,0.8825649297769572,-0.7912452206847798
TTAGAACCTCAACCTCCTCTGCAAAATGGAGCTGAC,-1.2568120296093732,1.420726628250236,-1.3749856001456644,-0.7129281104874461,-1.11098361937359,-0.5308721325560478,0.9679836901447797,-0.692636213318926,-0.1572564546314501
CTTTCTGGTTCTTTGCATGCGTTTGTCACTTTTTCT,-1.1896524579234729,-0.21682858171429126,0.3955333872557211,-1.0250176463553136,-0.9950617901483887,-0.6208967004964566,-1.879085967033252,-1.2743873631869833,0.1674885686991283
ATCTCCTGGGGCGACCACGAGGTCACCCGTCCAGGT,-1.0893628406161728,-0.7320601234485079,0.6844134988527005,-0.6349781707024312,-1.3428731299083247,-1.0828287325182189,2.1527661762070136,-0.7494377180723987,1.5242432771451735
GGAAGCTGTGAAATCCGCGTGCACACCCATCCCAAA,-0.3642658161119529,-1.0524095741218344,1.0821255973660506,-0.4611121340072459,0.7710753709541802,-0.3802583045480387,0.6551960105525408,-0.4797426365963307,0.4455496317835843
GCAGCCGAGGCGGAGAGAGAGAGAGGACAGCTTACG,-0.0029248211247273055,0.7780125605150393,-0.7590603913158445,0.32852944931674977,0.8293412936751992,0.5175330579046594,0.21848187789533072,0.3778512209668805,-0.7033185118234613
GAGAATGGGGTGAACCCGGGAGGCGGAGCTTGCAGT,1.6743477428679834,0.822594241543568,-0.9154956471860527,1.3352138017819066,-1.317139993039338,1.2144168390974126,0.027459653384551162,1.2207804284866453,-0.7912452206847798
GCAGCCGAGGCGGAGAGAGAGAGAGGACAGCTTACG,-0.021157804663007596,0.2740349479973229,-0.29243166406459514,0.26477856919517695,0.8287802576245983,0.5999743138598557,0.07098416896807108,0.3038235552453271,-0.7033185118234613
GAGAATGGGGTGAACCCGGGAGGCGGAGCTTGCAGT,1.6617060563370143,0.5963375599396165,-0.7776967107404845,1.4621360085693933,-1.4599147535448957,1.2044706196265287,1.3484391915255265,1.4462254087398754,-0.7912452206847798
CTTTCTGGTTCTTTGCATGCGTTTGTCACTTTTTCT,-1.3992359251488897,0.0061108259883474,0.24414332283191711,-1.0554442027769708,-1.0022893716817942,-0.7731450092328362,-0.766867573395943,-1.5119034636724982,0.1674885686991283
GGAAGCTGTGAAATCCGCGTGCACACCCATCCCAAA,-0.8302689089832579,-0.8596356571290189,0.924797994709422,-0.980102253542388,0.7800308567127625,-0.7057517836756837,-0.4817559325553696,-0.7656072557840776,0.4455496317835843
GCAGCCGAGGCGGAGAGAGAGAGAGGACAGCTTACG,-0.5631081420811439,-0.8179062116043767,0.83202824994919,-0.24233070449912278,0.8178636043362861,0.1052712370880628,0.7523467880059418,0.03777862683684684,-0.7033185118234613
TTAGAACCTCAACCTCCTCTGCAAAATGGAGCTGAC,-1.0354802108153707,0.5621727390123076,-0.4846637544834523,-0.5555793472782962,-1.2348586734491993,-0.4767912165892472,1.2717450326966353,-0.4818879019957075,-0.1572564546314501
GGAAGCTGTGAAATCCGCGTGCACACCCATCCCAAA,-0.8731990907031394,-0.31219245573648113,0.34817036551347175,-0.7213316355943771,0.7995478508141418,-0.5399484745330299,0.20404687997507012,-1.014073815472345,0.4455496317835843
GAGAATGGGGTGAACCCGGGAGGCGGAGCTTGCAGT,2.271910592957975,0.7644024367517845,-0.8749968314934389,1.8533345911335726,-1.4219133634985912,1.3958933938022722,1.3685678885225603,1.2958967363511682,-0.7912452206847798
GGAAGCTGTGAAATCCGCGTGCACACCCATCCCAAA,-0.6067628880834861,-0.9644863144577001,0.9939548706590242,-0.6254155386842004,0.7747605288368491,-0.5502761419457193,-0.5703684350591289,-0.5933136272167377,0.4455496317835843
GAGAATGGGGTGAACCCGGGAGGCGGAGCTTGCAGT,1.5985098591182463,0.6771612334037816,-0.746979388668539,1.3129009937393572,-1.2740760787792949,1.2859327975110542,0.7222022885169376,1.0250169560724642,-0.7912452206847798
CTTTCTGGTTCTTTGCATGCGTTTGTCACTTTTTCT,-0.8783540811450143,-0.8371898038156159,1.0531586478367843,-0.9001238766625941,-1.0008422464063993,-0.6640955000879402,-0.9813970597636696,-0.6806931686328755,0.1674885686991283
CTTTCTGGTTCTTTGCATGCGTTTGTCACTTTTTCT,-1.080954750668293,-0.43564464896022864,0.5943551154820742,-1.1223826269046164,-1.0390093414295543,-0.6445358468793843,-0.2886889778267484,-0.9278149350857208,0.1674885686991283
GAGAATGGGGTGAACCCGGGAGGCGGAGCTTGCAGT,1.974670748132848,0.8517676503390652,-0.9842406707727093,1.3042076919045937,-1.4796782424782324,1.1489150811272952,0.8032016371906153,1.2695451927141264,-0.7912452206847798
GAGAATGGGGTGAACCCGGGAGGCGGAGCTTGCAGT,1.113432206661649,0.44061170193790894,-0.4988383399758304,0.8585310845092551,-1.317193011573656,0.961959747419848,1.0012125240065615,0.7073896014194136,-0.7912452206847798
CTTTCTGGTTCTTTGCATGCGTTTGTCACTTTTTCT,-0.9044903117674166,-0.09746872638747743,0.3380799826206173,-0.8653506693235582,-0.9383810587450281,-0.5087019163052393,-0.7120226877773816,-1.0250562935616574,0.1674885686991283
GGAAGCTGTGAAATCCGCGTGCACACCCATCCCAAA,-0.9844693535439104,-0.9367390234141667,0.977515097170262,-0.8972261093843416,0.8282054084208769,-0.6396775470621315,-0.3448587842525911,-1.1102585506918798,0.4455496317835843
CTTTCTGGTTCTTTGCATGCGTTTGTCACTTTTTCT,-1.309286058372208,-0.6923768468723429,0.9364671449937361,-1.222645374732178,-0.971017343136288,-0.7215892489651641,-1.7888444702815267,-1.3796654621889248,0.1674885686991283
GAGAATGGGGTGAACCCGGGAGGCGGAGCTTGCAGT,1.6818206109518286,1.0849999079036459,-1.2117547802864186,1.2074222648109436,-1.4473851991076145,1.0953378085040222,0.7771123953635446,0.9549276133975055,-0.7912452206847798
CAGGGCTGGGTCCACCTCATGGCCTTTGTTCTGGAA,-0.333825232000392,-1.439693551457603,1.396609197528065,0.06193485971745767,0.8121251211176347,-0.21094104331120522,0.9867738209609156,-0.07614457153568693,0.1663389230465437
ATCTCCTGGGGCGACCACGAGGTCACCCGTCCAGGT,-1.3737485844906359,-0.9177034516815245,0.9041024134698936,-0.769724349141202,-1.1687623354856616,-1.3862265643041873,1.8040071832727846,-1.074461435520291,1.5242432771451735
GAGAATGGGGTGAACCCGGGAGGCGGAGCTTGCAGT,1.367327584372891,1.121613931057178,-1.2448402534454386,1.0857160391243121,-1.2019864924804766,0.930754598770365,1.4667104268730011,0.99062867190942,-0.7912452206847798
GGAAGCTGTGAAATCCGCGTGCACACCCATCCCAAA,-0.7479871501997656,-0.2405455399805506,0.27135989981859604,-0.8612937951339998,0.7562218539898697,-0.688955301148281,-0.664644396009486,-1.0499029495304883,0.4455496317835843
TTAGAACCTCAACCTCCTCTGCAAAATGGAGCTGAC,-0.9532221641464478,0.2033801141558219,-0.024041207525602636,-0.5190674795723077,-0.9344895034504468,-0.4043719840046915,1.3582883184259826,-0.9473144369994019,-0.1572564546314501
ATCTCCTGGGGCGACCACGAGGTCACCCGTCCAGGT,-1.3773343825907511,-0.0018878344465410738,-0.0035858734978000185,-0.6149835764824843,-1.1438540526238752,-1.2834736952201609,1.8306856035326076,-1.1029582445567045,1.5242432771451735
ATCTCCTGGGGCGACCACGAGGTCACCCGTCCAGGT,-1.3163381989011809,-1.2140569210501648,1.1901338795563925,-0.726547616695229,-1.5395286426793118,-1.2125532399600716,1.8330353187246398,-0.999024938790193,1.5242432771451735
ATCTCCTGGGGCGACCACGAGGTCACCCGTCCAGGT,-1.196470755247983,0.17578783591143757,-0.1911503038028994,-0.2834789998503226,-1.2326604530123475,-1.1645276291013917,1.8982254434419756,-0.6876092481293562,1.5242432771451735
GGAAGCTGTGAAATCCGCGTGCACACCCATCCCAAA,-0.7920908025685418,0.23732791716434284,-0.20364315881317335,-0.7158258777656985,0.8135883865198856,-0.47993206774944897,-0.009312699342137805,-0.8672672206049833,0.4455496317835843
TTAGAACCTCAACCTCCTCTGCAAAATGGAGCTGAC,-0.7680758611678777,1.0103147412848916,-0.9242818309295413,-0.38403152440570737,-1.1205316418381694,-0.3163431036836004,1.4819103620604854,-0.5731737475719015,-0.1572564546314501
GAGAATGGGGTGAACCCGGGAGGCGGAGCTTGCAGT,2.021987569090952,1.0313654794061604,-1.1505947043845293,1.646434007466298,-1.2419703289436541,1.343411202042021,0.9136562266178934,1.521789981016205,-0.7912452206847798
TTAGAACCTCAACCTCCTCTGCAAAATGGAGCTGAC,-0.750264310899029,1.5474650928154874,-1.5648838605075852,-0.3144851097276296,-1.2130406191101168,-0.08794913652172655,0.6800808316843042,-0.03580077447290545,-0.1572564546314501
ATCTCCTGGGGCGACCACGAGGTCACCCGTCCAGGT,-1.5703565144377154,-0.9124330165112446,0.9412377681981843,-0.7804460880707387,-1.3347715880913857,-1.2789043170901857,1.440347168780445,-1.0760943987347389,1.5242432771451735
CAGGGCTGGGTCCACCTCATGGCCTTTGTTCTGGAA,0.2314323757139913,-1.425897412335411,1.3709027458723624,0.5383278002622799,0.8012668872433379,-0.07490437894362816,0.6278422884822342,0.3310075899328729,0.1663389230465437
GAGAATGGGGTGAACCCGGGAGGCGGAGCTTGCAGT,1.4339589077482187,0.059404226327787905,-0.13441764080304208,1.151495356340655,-1.3066071989321564,1.1130006715376048,1.7447915008244355,0.9993378090531321,-0.7912452206847798
GCAGCCGAGGCGGAGAGAGAGAGAGGACAGCTTACG,-0.04660943204355441,-0.024178674960795007,0.036020595408347594,0.45979830702161517,0.8288603996033062,0.5863095958404506,0.8451726836830009,0.39594189187202494,-0.7033185118234613
GAGAATGGGGTGAACCCGGGAGGCGGAGCTTGCAGT,2.259288764456661,1.1187306929934617,-1.3191109629019742,1.8965113235795485,-1.4719883329951013,1.5695614400757094,1.2943739632454856,1.9110435848989797,-0.7912452206847798
CTTTCTGGTTCTTTGCATGCGTTTGTCACTTTTTCT,-0.43692266200042823,0.24523356991974188,-0.09271758905175297,-0.3339001504919328,-1.1032537695988744,-0.2467417575544545,-0.6995710509094226,-0.34609580410421537,0.1674885686991283
GAGAATGGGGTGAACCCGGGAGGCGGAGCTTGCAGT,1.7197365805685056,0.676107146369734,-0.8592777996398543,1.1839503498570882,-1.420020468468909,1.0924116568538014,1.3272626930629725,1.2992267005531757,-0.7912452206847798
GGAAGCTGTGAAATCCGCGTGCACACCCATCCCAAA,-1.0806689780720515,-0.15810973340546333,0.22917935364383218,-0.7668265818629495,0.7874528277607,-0.5912881383291383,-0.9509736071312381,-1.0113522101149355,0.4455496317835843
GCAGCCGAGGCGGAGAGAGAGAGAGGACAGCTTACG,0.4868996043088801,0.6007089208749562,-0.5913678375243135,0.704949418761837,0.8694421673059037,0.8036718701431688,-0.6919768157701157,0.5081040514838766,-0.7033185118234613
ATCTCCTGGGGCGACCACGAGGTCACCCGTCCAGGT,-1.1112285550776313,-0.8704245479481756,0.8529297573701683,-0.7894291666333286,-1.3717125963115795,-1.1822946840340853,1.5293051372860076,-0.8145961522174593,1.5242432771451735
ATCTCCTGGGGCGACCACGAGGTCACCCGTCCAGGT,-1.257916639194909,-0.9788094970969368,0.9990343831357733,-0.4558961529063938,-1.219555963111839,-1.0243395865243863,2.2466917096073558,-0.639676974952379,1.5242432771451735
CAGGGCTGGGTCCACCTCATGGCCTTTGTTCTGGAA,-0.43321104060780247,-2.0507850081712244,1.9927311719048686,-0.18698334948449308,0.8191207733888601,-0.48031125292407995,0.6961112420801758,0.003454380446917052,0.1663389230465437
ATCTCCTGGGGCGACCACGAGGTCACCCGTCCAGGT,-1.216020776971611,-1.0534016560362431,1.0607779165518048,-0.6856890980718618,-1.2620855488236558,-1.2563281938145363,1.8998706532096303,-0.7221576267251892,1.5242432771451735
CAGGGCTGGGTCCACCTCATGGCCTTTGTTCTGGAA,-0.27064182224405564,-0.6532826189327992,0.5707422466715131,0.08308856084870746,0.8204422443249099,-0.17124562287437473,0.5679286140555658,0.16966442056828546,0.1663389230465437
GGAAGCTGTGAAATCCGCGTGCACACCCATCCCAAA,-0.49239174005822883,0.025425420759457897,0.013711925747152307,-0.4014181280752223,0.785003638979078,-0.22146233945909816,-0.40564971993175003,-0.5146112040577467,0.4455496317835843
GCAGCCGAGGCGGAGAGAGAGAGAGGACAGCTTACG,-0.5130999620057943,-0.13984922566846272,0.16681804168329062,0.32099525439329213,0.8117182682523555,0.19369812946007883,0.9516053833407767,0.30439989520336513,-0.7033185118234613
GCAGCCGAGGCGGAGAGAGAGAGAGGACAGCTTACG,-0.2848605001005926,-0.08584276645306098,0.10665327565860402,0.25463638372129327,0.8405060753010343,0.3936892581902273,-0.045174468850218655,0.0827331435639488,-0.7033185118234613
CAGGGCTGGGTCCACCTCATGGCCTTTGTTCTGGAA,-0.038460976792081755,-1.9392067953604901,1.8532161839468972,0.06280418990093402,0.8096464184517266,-0.18288243650413152,0.04897041867985152,0.057182072090853506,0.1663389230465437
GGAAGCTGTGAAATCCGCGTGCACACCCATCCCAAA,-0.14679526572834142,-1.1396507774697957,1.188314864953253,-0.37388933893181764,0.7839305210121321,-0.34841024618561717,-0.19691330413317784,-0.2985477575659355,0.4455496317835843
TTAGAACCTCAACCTCCTCTGCAAAATGGAGCTGAC,-1.057892226641405,1.5964801398990567,-1.5930957473714438,-0.5350051996026963,-1.1349789994656845,-0.37527612695880164,1.7761442194151429,-0.36152890742506477,-0.1572564546314501
CTTTCTGGTTCTTTGCATGCGTTTGTCACTTTTTCT,-0.819688767187493,-0.27666352217684725,0.5109550119795419,-0.7659572516794763,-0.8654778799525896,-0.36497607019241535,-1.9327922231294632,-1.040425359109387,0.1674885686991283
CAGGGCTGGGTCCACCTCATGGCCTTTGTTCTGGAA,0.362812751079469,-1.0199498939848748,0.9169384787826068,0.34012051842976576,0.8179616524403907,0.09082179435548055,0.6257103590377496,0.2586449063123165,0.1663389230465437
GCAGCCGAGGCGGAGAGAGAGAGAGGACAGCTTACG,-0.1877272291765973,-0.6541506906079302,0.6313188650591453,0.24333509133610676,0.8046694738393679,0.4416255230509738,0.7048986290560837,0.26223102160678713,-0.7033185118234613
CTTTCTGGTTCTTTGCATGCGTTTGTCACTTTTTCT,-0.70188412701585,-0.7206511814328379,0.9079806898879444,-0.8873737006382844,-1.0947190939521647,-0.8843045712196803,-0.2597013427145983,-1.0147782309766173,0.1674885686991283
GCAGCCGAGGCGGAGAGAGAGAGAGGACAGCTTACG,-0.0006498853419825023,0.1154258519318785,-0.10510748097126757,0.5299242751553489,0.8195863279527152,0.4785128248098582,0.6105195867140423,0.6092196952333016,-0.7033185118234613
ATCTCCTGGGGCGACCACGAGGTCACCCGTCCAGGT,-0.7335735877736805,-0.4304672214694175,0.42075934448792607,-0.1713354061819248,-1.3208759777852643,-0.9534811195530535,2.010446350676253,-0.6180001887527746,1.5242432771451735
GCAGCCGAGGCGGAGAGAGAGAGAGGACAGCTTACG,-0.045708934686696914,0.34946417605193053,-0.4056567428526298,0.5180434293145064,0.8319430878512675,0.5734000794736928,0.24048524490190903,0.6578563839145538,-0.7033185118234613
GGAAGCTGTGAAATCCGCGTGCACACCCATCCCAAA,-0.756699251387344,-0.3032017133871632,0.2531354327568785,-0.9676418542458988,0.7623006808618666,-0.7634844882595895,-0.5333605391987385,-0.6164953010845583,0.4455496317835843
GCAGCCGAGGCGGAGAGAGAGAGAGGACAGCTTACG,0.276688568264008,0.46696387778926673,-0.46956250117433196,0.7794220378129404,0.8069386601715028,0.8296279931792968,-0.4146585447290679,0.682639002110265,-0.7033185118234613
ATCTCCTGGGGCGACCACGAGGTCACCCGTCCAGGT,-1.5571556718142292,-0.6025004259392208,0.5875595514929678,-0.6126653626598786,-1.3517147174541373,-1.280909047100594,2.2577455334419216,-0.972097055195113,1.5242432771451735
ATCTCCTGGGGCGACCACGAGGTCACCCGTCCAGGT,-1.1084574146816888,-0.7451742062545686,0.7551834632239923,-0.4306855775855857,-1.1707505959589408,-1.081358545786751,1.7928363882423057,-0.8319183698452117,1.5242432771451735
CTTTCTGGTTCTTTGCATGCGTTTGTCACTTTTTCT,-1.2441806986157562,-0.2718581254039731,0.5031298170830256,-1.0800752246421168,-1.0700016886463422,-0.8509759981194557,-1.5271954682385136,-1.4495626915445294,0.1674885686991283
CAGGGCTGGGTCCACCTCATGGCCTTTGTTCTGGAA,0.3270063877405553,-0.9598049279240829,0.8852944888940338,0.19784014506753428,0.8355378001578058,0.05111031749928321,0.5823344892759096,0.09512445266180308,0.1663389230465437
TTAGAACCTCAACCTCCTCTGCAAAATGGAGCTGAC,-1.4531048683674703,-0.3643387613624053,0.5035759904762702,-1.0551544260491443,-1.1814575340695788,-0.878560427795725,1.5715670545746254,-1.0112881723418183,-0.1572564546314501
GCAGCCGAGGCGGAGAGAGAGAGAGGACAGCTTACG,0.5142026012592045,0.31331519129578334,-0.40380340721923713,0.6643806768662932,0.7849453614251723,0.7237825202779902,1.0694990005546938,0.8010448446008823,-0.7033185118234613
GAGAATGGGGTGAACCCGGGAGGCGGAGCTTGCAGT,1.1870293423067642,0.710706003134598,-0.8243389908474644,1.0555792594304754,-1.379981190512567,0.9272378424623773,1.6553816220236401,1.0682104340388896,-0.7912452206847798
CTTTCTGGTTCTTTGCATGCGTTTGTCACTTTTTCT,-1.124679577150527,-0.2055126473781107,0.42401984236144385,-1.0809445548255963,-1.1215241817777366,-0.7995844806900891,-1.0426368621599627,-1.215536649693808,0.1674885686991283
CTTTCTGGTTCTTTGCATGCGTTTGTCACTTTTTCT,-0.8418916315519841,0.15886043824691146,0.02723441166488193,-0.684529991160556,-1.1639472747911106,-0.5334482579467318,-0.928009325846902,-1.055218084699076,0.1674885686991283
GCAGCCGAGGCGGAGAGAGAGAGAGGACAGCTTACG,0.3560296759000764,0.47387744863027775,-0.5417053067555188,0.7715980661616624,0.8099462226902426,0.6689409644069322,0.2887173723648536,0.8370020542052546,-0.7033185118234613
TTAGAACCTCAACCTCCTCTGCAAAATGGAGCTGAC,-1.0142269824914825,1.1485241529854102,-1.1550907593470214,-0.41909450847257274,-1.1775351041755173,-0.3251610471641289,1.4507666560273826,-0.49402306000109864,-0.1572564546314501
GAGAATGGGGTGAACCCGGGAGGCGGAGCTTGCAGT,1.7112531954830767,0.2025120424807116,-0.3215015766845979,1.2943552831585334,-1.5446554761714413,1.0493712743177488,1.25512360255493,1.2686166450039507,-0.7912452206847798
CAGGGCTGGGTCCACCTCATGGCCTTTGTTCTGGAA,-0.11088168950556845,-0.2410415809377239,0.10919303189701304,0.025422992011469105,0.8500528413913049,-0.4751302904268709,0.6641669259165504,-0.11399089544696484,0.1663389230465437
TTAGAACCTCAACCTCCTCTGCAAAATGGAGCTGAC,-1.0555849075572943,1.2981735092614701,-1.2195113331224285,-0.32839439266324516,-1.0640772735842976,-0.2859872892199648,1.5825943664934687,-0.6271575903082904,-0.1572564546314501
CAGGGCTGGGTCCACCTCATGGCCTTTGTTCTGGAA,0.011869653365986674,-1.1894408885490069,1.073648302894863,0.23406223604569942,0.8180334840675904,-0.16307830186076813,1.3281333483606694,0.22134290347251945,0.1663389230465437
ATCTCCTGGGGCGACCACGAGGTCACCCGTCCAGGT,-0.6265003155700802,-0.6475781479250056,0.5899963446405945,0.013252369442803223,-1.4037877298967418,-0.7083513357913247,2.3852940539014815,-0.2959542277547549,1.5242432771451735
GCAGCCGAGGCGGAGAGAGAGAGAGGACAGCTTACG,0.28469434916075004,0.3908215908586772,-0.4614627380357908,0.48732709616502584,0.8192203924707829,0.5438527469650495,0.4407290095800777,0.6093797896660903,-0.7033185118234613
GAGAATGGGGTGAACCCGGGAGGCGGAGCTTGCAGT,1.5689062354976775,0.8989845489527337,-0.9930611755463821,1.6264394132463509,-1.1452973666433988,1.304073699786071,0.99671236486252,1.2221572406086272,-0.7912452206847798
CAGGGCTGGGTCCACCTCATGGCCTTTGTTCTGGAA,-0.14005869809052915,-0.2916377585724063,0.14505850850609925,0.20595389344664183,0.8073667789666946,-0.1540134814527694,1.1023832257639974,0.03329598271875792,0.1663389230465437
ATCTCCTGGGGCGACCACGAGGTCACCCGTCCAGGT,-1.201939510985751,-0.5106088386174513,0.5457908576812642,-0.5124026148323233,-1.0563837495475825,-1.146120995396378,2.1277129711309217,-1.0476616274714425,1.5242432771451735
TTAGAACCTCAACCTCCTCTGCAAAATGGAGCTGAC,-0.5633224991523552,0.5769919626087177,-0.5443823471148713,-0.3585311723570789,-1.2172861274025613,-0.300646062104895,1.635541272823241,-0.36466675830772083,-0.1572564546314501
GGAAGCTGTGAAATCCGCGTGCACACCCATCCCAAA,-0.7310221902489614,-1.770149836633934,1.736833570376081,-0.8259410343393172,0.7262642624611826,-0.6890426970276899,0.07459569238338208,-0.5759273718158683,0.4455496317835843
ATCTCCTGGGGCGACCACGAGGTCACCCGTCCAGGT,-1.1047786435902822,-0.8891500940825612,0.9232535483482844,-0.3924350495126414,-1.1631863557043602,-1.1837317611052471,1.6509912944883554,-0.8857741370353743,1.5242432771451735
ATCTCCTGGGGCGACCACGAGGTCACCCGTCCAGGT,-1.190735529672303,-0.5317835869780186,0.48373843499290886,-0.5355847530583492,-1.2860071418726802,-1.248160749233381,2.390657828278745,-0.7279530451921431,1.5242432771451735
GCAGCCGAGGCGGAGAGAGAGAGAGGACAGCTTACG,0.06494922191843332,1.4366619440003534,-1.4204952862544293,1.0497837248739643,0.859769013793533,0.8363360723259193,-0.9222253021039013,0.4879001340659233,-0.7033185118234613
TTAGAACCTCAACCTCCTCTGCAAAATGGAGCTGAC,-0.6364772860492075,0.6273091172049525,-0.5848811628074851,-0.4364811121420907,-1.3123349890233478,-0.22228464827975772,1.569640657139851,-0.44224852043719565,-0.1572564546314501
GCAGCCGAGGCGGAGAGAGAGAGAGGACAGCTTACG,0.10455630436121074,0.1916301439820862,-0.24935877110343402,0.5893285043595369,0.8112463767299581,0.7489486197687175,0.6031710434357298,0.6003824825433606,-0.7033185118234613
ATCTCCTGGGGCGACCACGAGGTCACCCGTCCAGGT,-1.0553238874351003,-0.8509549403779783,0.8230704610545047,-0.4318446844968885,-1.297021298017533,-1.0050551802652765,2.163052718056399,-0.7308987827554585,1.5242432771451735
GAGAATGGGGTGAACCCGGGAGGCGGAGCTTGCAGT,1.4267791704608628,0.35324648835060757,-0.45377482726024115,1.1500464727015258,-1.3603726805187413,1.1081931200270363,0.9752247347282327,0.9109016443805845,-0.7912452206847798
CAGGGCTGGGTCCACCTCATGGCCTTTGTTCTGGAA,0.0015106952967190407,-0.7204961686337303,0.632108248754852,0.13321993476248511,0.8193301368674764,-0.19958837601028764,0.6659617087866546,-0.041596192939859264,0.1663389230465437
GAGAATGGGGTGAACCCGGGAGGCGGAGCTTGCAGT,1.860973778515226,0.8579991648639034,-1.0028083481368661,1.507630954837969,-1.40461517129758,1.2709378214391933,1.2207048112867263,1.2594912623349814,-0.7912452206847798
GGAAGCTGTGAAATCCGCGTGCACACCCATCCCAAA,-0.6544717370327027,-0.6919738135946175,0.7303350373245258,-0.4414073165151163,0.8077395045286483,-0.33830566380244886,0.09652262249767025,-0.4751959547051327,0.4455496317835843
GGAAGCTGTGAAATCCGCGTGCACACCCATCCCAAA,-0.5592230484572871,-0.7842064290744113,0.7927649913455277,-0.3930146029682943,0.7985999130080416,-0.36352559424104575,-0.038685931909455726,-0.6365711429562774,0.4455496317835843
TTAGAACCTCAACCTCCTCTGCAAAATGGAGCTGAC,-1.3791365635839086,0.4573530842434769,-0.30636600234527034,-0.8047873332080643,-1.1358687052597158,-0.6740423349131749,0.8808151493718481,-0.9564398196683631,-0.1572564546314501
CAGGGCTGGGTCCACCTCATGGCCTTTGTTCTGGAA,0.24416900715713202,-0.9749651796786001,0.8725270656418038,0.09728762051214342,0.8109439474961978,-0.09217336641993602,0.5536914245498581,0.04200511986246993,0.1663389230465437
GCAGCCGAGGCGGAGAGAGAGAGAGGACAGCTTACG,0.36914120452542987,-0.10270815899792747,0.10984513147170742,0.7710185127060155,0.7818126439942241,0.8413445468418452,-0.2937387093035806,0.7807128516367001,-0.7033185118234613
TTAGAACCTCAACCTCCTCTGCAAAATGGAGCTGAC,-0.6130932952751247,0.7698588872810018,-0.71090798587798,-0.3657755905527101,-1.1720522319379667,-0.19780188451210254,1.7681366659110143,-0.3747206886868603,-0.1572564546314501
TTAGAACCTCAACCTCCTCTGCAAAATGGAGCTGAC,-1.1607027863187613,0.05041348397851137,0.0003610449807341543,-0.739297792719551,-1.1665193246326562,-0.49070923912083964,1.2025934170710706,-0.4644376088217263,-0.1572564546314501
CTTTCTGGTTCTTTGCATGCGTTTGTCACTTTTTCT,-0.927092311059045,0.386574240162636,-0.221867625874822,-0.9792329233589087,-1.005018578745859,-0.6596407411618815,-0.10783032669128034,-1.2255265422998358,0.1674885686991283
GGAAGCTGTGAAATCCGCGTGCACACCCATCCCAAA,-0.49312175122787766,-0.8999079823419088,0.8841275738655657,-0.42402071284559834,0.7786747812291049,-0.37157882535763065,-0.7930783347638506,-0.18500878583209643,0.4455496317835843
CTTTCTGGTTCTTTGCATGCGTTTGTCACTTTTTCT,-1.0124609765105055,-0.8269899616331426,0.9964603058671572,-0.8798395057148267,-1.1369821669394242,-0.6269495207227361,-1.8800734784686264,-0.9244209331105989,0.1674885686991283
CAGGGCTGGGTCCACCTCATGGCCTTTGTTCTGGAA,-0.1130320188385976,-0.41623704650971166,0.309936737817288,0.001661300329793288,0.845412649666623,-0.06954545097816087,-0.6040235191365351,-0.05939869386598067,0.1663389230465437
GCAGCCGAGGCGGAGAGAGAGAGAGGACAGCTTACG,0.048378768087157194,0.01587663233328625,-0.05571951844445174,0.2595625880943279,0.809766616263053,0.4840927890285609,0.1040365976114518,0.4423052396076635,-0.7033185118234613
CAGGGCTGGGTCCACCTCATGGCCTTTGTTCTGGAA,0.014467349331113865,-1.2640950526079522,1.1940464770046506,0.3528706944540785,0.840508884285585,-0.015580494838344014,-0.918896042060979,0.18538569386814985,0.1663389230465437
GAGAATGGGGTGAACCCGGGAGGCGGAGCTTGCAGT,1.5939005045828272,0.5169400042274152,-0.6664622517068779,1.1810525825788358,-1.3218114572579085,1.0000326239815711,1.5775843710579,1.3873426763601484,-0.7912452206847798
ATCTCCTGGGGCGACCACGAGGTCACCCGTCCAGGT,-0.9045565495973305,-0.9366460157346772,0.9152910693307329,-0.5506531429052707,-1.2732427343536363,-1.1094982356983731,1.6301727810697593,-0.729265819541008,1.5242432771451735
GGAAGCTGTGAAATCCGCGTGCACACCCATCCCAAA,-0.19211448720289842,-0.34415609491620525,0.2904080716061587,-0.2802914558442406,0.7819749600168034,-0.27277734747005145,-0.1437710444589235,-0.3802279371748018,0.4455496317835843
GGAAGCTGTGAAATCCGCGTGCACACCCATCCCAAA,-0.7395388862457506,-0.7091182291778901,0.6781670713476439,-0.9044705275799788,0.7762661118739748,-0.8910175253356268,0.45223241331542136,-0.964188390215345,0.4455496317835843
CTTTCTGGTTCTTTGCATGCGTTTGTCACTTTTTCT,-1.0039322584355994,-1.6495188763542432,1.8551381616408191,-1.062688620972602,-1.145157632599738,-0.7978379803366668,-1.2903202936714062,-0.9407505652550586,0.1674885686991283
CAGGGCTGGGTCCACCTCATGGCCTTTGTTCTGGAA,0.3142662424763785,-0.6224040693469526,0.5891726399146575,0.4702302692233344,0.8476175437683235,-0.03474876921149796,1.4768501202292459,0.21087272756813072,0.1663389230465437
GGAAGCTGTGAAATCCGCGTGCACACCCATCCCAAA,-0.5187258524199141,-2.0304783314857255,2.071772504565898,-0.7106098966648404,0.7452805051107478,-0.5926311693098881,-0.010492533589631077,-0.41346354142175923,0.4455496317835843
CAGGGCTGGGTCCACCTCATGGCCTTTGTTCTGGAA,-0.16804921607399265,-0.7271307164363144,0.6083237747930255,0.028320759289718563,0.8332283017550213,-0.16527702968300284,1.0963015568021464,0.11606480447058057,0.1663389230465437
CTTTCTGGTTCTTTGCATGCGTTTGTCACTTTTTCT,-1.172137052385262,-0.7929801535049413,1.0265598493946615,-0.878100845347874,-0.9324868554513166,-0.5606615322352955,-1.736973848529536,-0.9944142191258726,0.1674885686991283
GGAAGCTGTGAAATCCGCGTGCACACCCATCCCAAA,-0.8459705616264577,-1.4244712945834677,1.4444870347239964,-0.8317365688958221,0.7711939393518543,-0.6207889546748413,0.1150447771489196,-0.6002617255997703,0.4455496317835843
CAGGGCTGGGTCCACCTCATGGCCTTTGTTCTGGAA,-0.46849626315833787,-0.38033608223214077,0.30842661248635755,-0.17336384327670096,0.8119977269369106,-0.24514447709607212,0.6456653371203644,-0.1288156399232163,0.1663389230465437
GCAGCCGAGGCGGAGAGAGAGAGAGGACAGCTTACG,0.15730282047833885,-0.5341087789648812,0.5179565021501211,0.4270535367773554,0.7935859857788296,0.6794012752845918,0.5439350887502665,0.5830602649156083,-0.7033185118234613
GCAGCCGAGGCGGAGAGAGAGAGAGGACAGCTTACG,-0.07935683482188191,-0.06417197713525812,0.10720241214258497,0.5901978345430163,0.8480360375987154,0.5847812217736043,0.46799787918622315,0.17427514023260057,-0.7033185118234613
ATCTCCTGGGGCGACCACGAGGTCACCCGTCCAGGT,-0.4391502025562795,-0.566754474460799,0.47086804864994247,-0.2394329372208703,-1.4140325347268041,-0.7758639081541224,2.225594093498444,-0.25823597938970855,1.5242432771451735
GAGAATGGGGTGAACCCGGGAGGCGGAGCTTGCAGT,1.2546303424167171,-0.2840421314152639,0.22880182231109383,0.9104011187899884,-1.2950062368048059,0.8177616909584673,0.8424907020138059,0.8166700612410751,-0.7912452206847798
CAGGGCTGGGTCCACCTCATGGCCTTTGTTCTGGAA,0.1020496726844431,-0.4856517779582069,0.42824132908200296,0.36677997738969104,0.804183143794988,0.08934130256312882,-0.07902512088855487,0.2692111388763796,0.1663389230465437
GCAGCCGAGGCGGAGAGAGAGAGAGGACAGCTTACG,0.09419921998212177,-0.31042530982647226,0.28292608701210475,0.5142763318527837,0.8288314123495185,0.6302013897992993,0.237639945463821,0.5360245205622466,-0.7033185118234613
TTAGAACCTCAACCTCCTCTGCAAAATGGAGCTGAC,-0.7145496407529022,1.6419608951625255,-1.5985527911808854,-0.25913775471299383,-1.1186784302595558,-0.40965626733342525,1.0241280128526502,-0.4674473841581562,-0.1572564546314501
GGAAGCTGTGAAATCCGCGTGCACACCCATCCCAAA,-0.6909991697556855,-0.48760493922719467,0.49794734151560893,-0.8299979085288695,0.768503862508823,-0.5199611676818235,-0.04314961215395925,-0.653220963966312,0.4455496317835843
TTAGAACCTCAACCTCCTCTGCAAAATGGAGCTGAC,-0.6289180038153205,0.7257112420899869,-0.6529397657891254,-0.2913029715016067,-1.024914040929028,-0.2656634848800621,1.7690527086416465,-0.2263131494916187,-0.1572564546314501
CAGGGCTGGGTCCACCTCATGGCCTTTGTTCTGGAA,0.1277394882528407,-1.6124088122435585,1.458490015065155,0.3033188739959447,0.7706424800358836,-0.13381025605494165,0.41739906585054637,0.35867190791877973,0.1663389230465437
CTTTCTGGTTCTTTGCATGCGTTTGTCACTTTTTCT,-1.184860688741927,-0.7559630970737046,0.9770689237770633,-0.9377948512798885,-0.964301945457981,-0.7560496781700372,-1.4130582174269464,-1.0498389117573712,0.1674885686991283
CAGGGCTGGGTCCACCTCATGGCCTTTGTTCTGGAA,-0.2533015317734005,-1.0083859391701386,0.9056468598310541,0.032667410207106375,0.8232351611350424,-0.28037371918988674,0.862314415941407,-0.29220801802749546,0.1663389230465437
ATCTCCTGGGGCGACCACGAGGTCACCCGTCCAGGT,-1.2153248963216166,-0.4243287146240481,0.44104307336446313,-0.3733097854761738,-1.2563371353217618,-1.01759761470705,0.718936010507514,-0.7711785420451255,1.5242432771451735
GAGAATGGGGTGAACCCGGGAGGCGGAGCTTGCAGT,1.645814399564706,0.44138676593350906,-0.5548845823707172,1.2248088684804586,-1.5325366165386334,1.0230175560887074,1.185860741230754,1.0806017431367438,-0.7912452206847798
CTTTCTGGTTCTTTGCATGCGTTTGTCACTTTTTCT,-1.1129580927991165,-0.686083327227783,0.8741401540634247,-0.8079748772141493,-1.1748689423444292,-0.7124455512507438,-0.8410777761697785,-1.00847051032474,0.1674885686991283
CTTTCTGGTTCTTTGCATGCGTTTGTCACTTTTTCT,-1.1769355476107835,-0.07787510857796084,0.2793566998663319,-1.1055755766907545,-0.8722460080530784,-0.745636056409796,-0.2027872809232076,-1.1907540314980996,0.1674885686991283
TTAGAACCTCAACCTCCTCTGCAAAATGGAGCTGAC,-0.9274692910634703,1.5582229810747934,-1.5082198395682571,-0.3480992101553657,-0.9772576390602765,-0.18937851239457454,0.3463201734840176,-0.624532041610558,-0.1572564546314501
TTAGAACCTCAACCTCCTCTGCAAAATGGAGCTGAC,-0.37870248745534446,1.4981400201336612,-1.4460644537892113,-0.15626701633500645,-0.9853772856177634,-0.1915281815131152,0.7885975946035292,-0.2199734099531787,-0.1572564546314501
CTTTCTGGTTCTTTGCATGCGTTTGTCACTTTTTCT,-0.6820812209465816,-1.3840129540116404,1.6149939129958464,-0.746542210915176,-1.15382293565496,-0.5870236908985059,-1.4231335041434527,-0.908827735356966,0.1674885686991283
ATCTCCTGGGGCGACCACGAGGTCACCCGTCCAGGT,-0.6635151769997018,-0.283701103257136,0.22681120255671167,-0.32230908137891373,-1.3238813895835697,-0.8444653458433837,2.243098924841299,-0.47029706506179453,1.5242432771451735
ATCTCCTGGGGCGACCACGAGGTCACCCGTCCAGGT,-0.8526494315791917,-0.21465840252653628,0.1310555281648949,-0.26927994018688056,-1.3276208260537374,-1.1078516639869318,2.0762503568751844,-0.5473665250063404,1.5242432771451735
CAGGGCTGGGTCCACCTCATGGCCTTTGTTCTGGAA,0.05603883636328211,-0.8889640787236031,0.7952017844931544,0.04483803277576317,0.8241513655052882,-0.1656102449485202,0.9293413373943985,-0.10201583187436518,0.1663389230465437
TTAGAACCTCAACCTCCTCTGCAAAATGGAGCTGAC,-0.5586717537435537,0.38697727344036126,-0.3026936521087381,-0.13018711083072804,-1.1737087098485204,-0.3250626453523524,1.1910512789909253,-0.31221982212610544,-0.1572564546314501
GCAGCCGAGGCGGAGAGAGAGAGAGGACAGCTTACG,-0.39493781978654013,0.5067091594850913,-0.4760148548609302,0.1300323907564092,0.8473193715602594,0.3709115875127377,-0.12082745534067656,0.0497857092960064,-0.7033185118234613
ATCTCCTGGGGCGACCACGAGGTCACCCGTCCAGGT,-1.0951336878481144,-0.978065435661125,0.9891156053940697,-0.5080559639149446,-1.2434460260047266,-1.064322549689296,2.524437960260628,-0.6990720095170376,1.5242432771451735
GGAAGCTGTGAAATCCGCGTGCACACCCATCCCAAA,-0.6897572949359008,-1.0169116431220302,1.041695423733989,-0.49037958351760325,0.7580219309468565,-0.3527334781693546,-0.5067866846340782,-0.5796415626565651,0.4455496317835843
CTTTCTGGTTCTTTGCATGCGTTTGTCACTTTTTCT,-1.436111921903137,-1.0441938957681165,1.2626885375005708,-1.2635038933555451,-1.1735652759877795,-0.9942060989039373,-0.265984773581875,-1.2393907201793464,0.1674885686991283
TTAGAACCTCAACCTCCTCTGCAAAATGGAGCTGAC,-1.3921544195808917,1.179836738408812,-1.1424949412459882,-0.8004406822906857,-1.1124964040837801,-0.5369454875393959,0.7895392600988381,-0.8418442246781196,-0.1572564546314501
GCAGCCGAGGCGGAGAGAGAGAGAGGACAGCTTACG,0.019923073284383037,-0.4896201056158213,0.5095135287091407,0.11177645690341492,0.8306088159442397,0.46499028560576866,0.6459100755557234,0.14994078644869852,-0.7033185118234613
GGAAGCTGTGAAATCCGCGTGCACACCCATCCCAAA,-0.6793623011087204,-1.2800303683580903,1.3093651386377578,-0.7248089563282764,0.8176209406107788,-0.4114996927976998,-0.03600826658357811,-0.7687130877801791,0.4455496317835843
TTAGAACCTCAACCTCCTCTGCAAAATGGAGCTGAC,-0.6433926780312041,1.4426454380465945,-1.406801195185503,-0.3440423359658134,-1.0924908124641133,-0.189062235410281,0.7697064222092419,-0.5480069027374902,-0.1572564546314501
CAGGGCTGGGTCCACCTCATGGCCTTTGTTCTGGAA,0.018909174897868655,-0.642152699955556,0.5652852028620715,0.27115365720733486,0.82126197174173,-0.1056516028608784,0.666576354676051,0.13434758869506835,0.1663389230465437
CAGGGCTGGGTCCACCTCATGGCCTTTGTTCTGGAA,0.1678342277528726,-0.6831070814845773,0.6777208979543993,0.5844022999865053,0.856779740626776,0.3041630460349314,0.5098512656687008,0.14360104691026387,0.1663389230465437
GAGAATGGGGTGAACCCGGGAGGCGGAGCTTGCAGT,1.6555139417573899,0.6272781146451434,-0.706755141217973,1.1717797272884285,-1.160160176102694,1.0464501778260076,1.3590230463973105,1.0165319511346502,-0.7912452206847798
CAGGGCTGGGTCCACCTCATGGCCTTTGTTCTGGAA,0.2223315922930652,-1.5077751728336444,1.3702163252674149,0.3696777446679526,0.7845996447642389,0.029663831608648782,0.42976070742686784,0.44739624257035304,0.1663389230465437
GGAAGCTGTGAAATCCGCGTGCACACCCATCCCAAA,-1.0656265689545896,-0.842212218507278,0.8808327549617947,-1.124700840727216,0.7865727804673862,-0.74350107550069,-0.21143276794891508,-0.7993871811025213,0.4455496317835843
TTAGAACCTCAACCTCCTCTGCAAAATGGAGCTGAC,-1.06538737591852,1.3825314745456738,-1.3144433027883082,-0.726547616695229,-1.1343609014883502,-0.5070802551707286,0.6945804515092049,-0.6587282124542535,-0.1572564546314501
TTAGAACCTCAACCTCCTCTGCAAAATGGAGCTGAC,-0.8978999123628155,1.1892305140358552,-1.122451459581177,-0.7372693556247718,-1.0799102878517246,-0.38063262634891487,1.3418885066128412,-0.6899786457346309,-0.1572564546314501
GGAAGCTGTGAAATCCGCGTGCACACCCATCCCAAA,-0.913142626302143,-1.3339748224538324,1.4036106876986443,-0.8699870969687634,0.8148644378101264,-0.7431575526693861,0.49712090364774414,-1.053905310350203,0.4455496317835843
CAGGGCTGGGTCCACCTCATGGCCTTTGTTCTGGAA,0.11216785666601678,-0.4804743504673957,0.42347070587750885,0.48935553325980197,0.8445690426708629,-0.013508213979971232,-0.12893067808010833,0.06076818738531607,0.1663389230465437
CAGGGCTGGGTCCACCTCATGGCCTTTGTTCTGGAA,-0.591218082563214,-1.0984793780220072,1.0426907336111686,-0.20610861352096066,0.8185426541692055,-0.34825560129334604,0.4809238249226188,-0.30363876052862504,0.1663389230465437
CTTTCTGGTTCTTTGCATGCGTTTGTCACTTTTTCT,-0.7198929210073468,0.6250149277778783,-0.4410417250382643,-0.659319415839763,-0.9356446639583058,-0.5806746565763841,-1.0938070771863648,-0.9833356843768832,0.1674885686991283
ATCTCCTGGGGCGACCACGAGGTCACCCGTCCAGGT,-1.057340410602945,-1.3798276084352588,1.3461572830635864,-0.6294724128737528,-1.5140102512631464,-1.1564002505599815,1.5168779377099857,-0.654789889407648,1.5242432771451735
CAGGGCTGGGTCCACCTCATGGCCTTTGTTCTGGAA,0.09594605270323568,-1.4249363329808526,1.3715205244168496,0.29404601870554037,0.8201542446225654,-0.177668835942845,0.3229308566567951,0.04411836637528416,0.1663389230465437
GGAAGCTGTGAAATCCGCGTGCACACCCATCCCAAA,-0.5544899301033737,-0.6850912453133949,0.7041824122755557,-0.667722940946694,0.7846359807415278,-0.48404073936863573,0.09151130882513261,-0.559149475259594,0.4455496317835843
TTAGAACCTCAACCTCCTCTGCAAAATGGAGCTGAC,-0.6639608461182686,1.1635913970604588,-1.1340519678049847,-0.30289404061461966,-1.164395336062815,-0.09512881529934947,0.75101942539352,-0.2825062954004935,-0.1572564546314501
GGAAGCTGTGAAATCCGCGTGCACACCCATCCCAAA,-0.5282505753546543,-0.13764804392087793,0.1538446922495649,-0.7062632457474557,0.7965433088746344,-0.4486595614384057,0.4915770254335106,-0.9208668367026855,0.4455496317835843
GGAAGCTGTGAAATCCGCGTGCACACCCATCCCAAA,-0.5980295232065624,-0.6322318808115095,0.6436401149181307,-0.5326869857800968,0.8030511542083291,-0.5234549138429346,0.059425504430568876,-0.6392927483136869,0.4455496317835843
GCAGCCGAGGCGGAGAGAGAGAGAGGACAGCTTACG,0.20364171431085273,0.030664853369887203,-0.0007715490174808563,0.39546787344440154,0.8000564330141211,0.4647998069415396,0.5625206121716864,0.5065351260425486,-0.7033185118234613
CAGGGCTGGGTCCACCTCATGGCCTTTGTTCTGGAA,0.14444995570121297,-0.65486374948385,0.516274771667994,0.20421523307968611,0.7987877135220495,-0.09559154589445448,-0.35480622023072667,0.08840048648467372,0.1663389230465437
GCAGCCGAGGCGGAGAGAGAGAGAGGACAGCTTACG,-0.0021404704484800116,0.7013122275075961,-0.7151637936287003,0.3322965467784756,0.8413157746336181,0.5648362981874895,-1.03401408818777,0.26114237946382013,-0.7033185118234613
TTAGAACCTCAACCTCCTCTGCAAAATGGAGCTGAC,-1.0901601520815694,1.7037799994539198,-1.6643462061661645,-0.632949733607652,-1.0726421188034911,-0.4420609721767534,1.5102972805613355,-0.693596779915664,-0.1572564546314501
ATCTCCTGGGGCGACCACGAGGTCACCCGTCCAGGT,-0.67979816489591,0.6410122486476967,-0.6754543616317704,-0.05020873395093707,-1.1393267347871974,-0.880052938830978,2.0684710232874317,-0.5262980976513286,1.5242432771451735
CAGGGCTGGGTCCACCTCATGGCCTTTGTTCTGGAA,-0.3535627987328999,-1.5140686924781421,1.439647769459042,-0.04673141321703773,0.8019348489782817,-0.3057432158995871,0.3443794946989532,-0.15500708912746944,0.1663389230465437
GCAGCCGAGGCGGAGAGAGAGAGAGGACAGCTTACG,0.08610876109622057,0.006482856706242921,-0.0005999438662382444,0.5554246272039743,0.8049627692879467,0.6790368133723471,-1.231586895807318,0.42920951500554494,-0.7033185118234613
GCAGCCGAGGCGGAGAGAGAGAGAGGACAGCTTACG,-0.02880967241761868,0.14890861654299375,-0.1552848271937673,0.5012363791006414,0.8353695155418843,0.7494242026236262,0.56047456804846,0.615527415885187,-0.7033185118234613
GCAGCCGAGGCGGAGAGAGAGAGAGGACAGCTTACG,0.010850193853964069,0.2583786552856739,-0.23998912984575724,0.5163047689475567,0.8096422901980119,0.5854521569238322,0.7020760086866505,0.15026097531428145,-0.7033185118234613
GAGAATGGGGTGAACCCGGGAGGCGGAGCTTGCAGT,1.9706307536472967,0.5166609811889676,-0.6274735613451716,1.4546018136459358,-1.3416576964700755,1.341051296000595,1.6875244377173024,1.4213787527710497,-0.7912452206847798
GAGAATGGGGTGAACCCGGGAGGCGGAGCTTGCAGT,1.2661226288112661,0.4274976191318482,-0.5635678030234924,1.079920504567798,-1.5348166712037572,0.7027272924143116,1.437963798108193,1.1125886108079508,-0.7912452206847798
GAGAATGGGGTGAACCCGGGAGGCGGAGCTTGCAGT,1.9195627399902437,1.4878471702716984,-1.596527850396227,1.6093425863046595,-1.23348220369133,1.460715305907157,1.182365329691942,1.409275613652213,-0.7912452206847798
CTTTCTGGTTCTTTGCATGCGTTTGTCACTTTTTCT,-1.0888434393497664,-0.2300356721998207,0.4292366389591596,-1.253071931153835,-1.096709105755691,-0.9054752884633052,-0.8099489284635187,-1.1330880168075603,0.1674885686991283
TTAGAACCTCAACCTCCTCTGCAAAATGGAGCTGAC,-0.8030890208823224,0.7794386782669825,-0.6849612870104826,-0.6317906266963523,-1.253083606569922,-0.5440674515393098,1.1560088013326946,-0.7167464348969275,-0.1572564546314501
CTTTCTGGTTCTTTGCATGCGTTTGTCACTTTTTCT,-1.3767713540061908,-0.3783829209631737,0.658466799985318,-1.1930881484939941,-0.9957754605277545,-0.7776189523776154,-0.6492596520423286,-1.3943301122323848,0.1674885686991283
TTAGAACCTCAACCTCCTCTGCAAAATGGAGCTGAC,-1.2044470152107931,1.0125469255922854,-0.9275423288030591,-0.5370336366974755,-1.0170922597900074,-0.3716527517586722,1.052919838175717,-0.6177440376603061,-0.1572564546314501
GAGAATGGGGTGAACCCGGGAGGCGGAGCTTGCAGT,1.188751338900643,0.8199280213985982,-0.8940106822508174,1.0758636303782427,-1.308205307367431,0.9430505126241947,0.5094845190468305,0.7510313437976507,-0.7912452206847798
TTAGAACCTCAACCTCCTCTGCAAAATGGAGCTGAC,-0.6294826174904673,0.5762479011729058,-0.560135699998709,-0.505737750092339,-1.058602698917373,-0.33510735193238284,1.4833603353985538,-0.45492799951406765,-0.1572564546314501
ATCTCCTGGGGCGACCACGAGGTCACCCGTCCAGGT,-0.8407384709782046,-1.0314828462398433,1.0202104587987537,-0.3611391629075079,-1.3172174097624831,-1.0703408311074423,2.5280908038280536,-0.7055398246017065,1.5242432771451735
GGAAGCTGTGAAATCCGCGTGCACACCCATCCCAAA,-0.585929599779802,-1.3576917807201123,1.37076546175135,-0.7766789906090189,0.7901654248377669,-0.5716816514290136,-0.5724765025377723,-0.47817371115500534,0.4455496317835843
CTTTCTGGTTCTTTGCATGCGTTTGTCACTTTTTCT,-0.895329354995067,-0.33054597115299195,0.6278181199738556,-0.7068427992031147,-0.975873629813181,-0.6445632671835079,-0.7966996413603644,-1.2811753671372323,0.1674885686991283
GAGAATGGGGTGAACCCGGGAGGCGGAGCTTGCAGT,2.0240362101795126,0.7482501030828378,-0.9347497451551111,1.305077022088073,-1.430865975811332,1.1026135119404878,1.175973411599461,1.5545453019648041,-0.7912452206847798
ATCTCCTGGGGCGACCACGAGGTCACCCGTCCAGGT,-1.0333463589129892,0.594384398670608,-0.6257918308629986,-0.5408007341592013,-1.3366534648576385,-1.050722343306433,1.6411465763095179,-0.6998084439078645,1.5242432771451735
CTTTCTGGTTCTTTGCATGCGTTTGTCACTTTTTCT,-0.7709555528141524,-0.01140562031282071,0.21500476815145408,-0.8485436191096901,-1.0377288152004396,-0.7003102348550246,-1.2757436239017148,-1.1565578606544067,0.1674885686991283
GGAAGCTGTGAAATCCGCGTGCACACCCATCCCAAA,-1.2215635470573016,-0.7230383785394016,0.7404254202173802,-1.2519128242425352,0.7411195316662578,-0.8947286390304572,0.12605588124313616,-0.9364600344563156,0.4455496317835843
GAGAATGGGGTGAACCCGGGAGGCGGAGCTTGCAGT,1.7836333154879274,0.6930345440342809,-0.8598955781843415,1.4343174426981622,-1.356740862490705,1.1485555987372722,0.9627282219273786,1.307327478852287,-0.7912452206847798
